{
  "train_loss": [
    0.6046392996788025,
    0.4904720515012741,
    0.43822860765457156
  ],
  "train_acc": [
    0.662,
    0.76205,
    0.7938
  ],
  "val_loss": [
    0.503595467585667,
    0.45440748950858023,
    0.43631786800873507
  ],
  "val_acc": [
    0.7579617834394905,
    0.7866242038216561,
    0.7997611464968153
  ]
}